file,line,type,match,context
"src/components/accessibility/SkipLink.css","22","hardcodedTypography","font-weight: 500","  font-weight: 500; "
"src/components/components.css","485","hardcodedSpacing","width: 100%","  width: 100%; "
"src/components/components.css","976","hardcodedSpacing","width: 100%","  width: 100%; "
"src/components/components.css","1099","hardcodedSpacing","width: 40%","  width: 40%; "
"src/components/components.css","1100","hardcodedSpacing","height: 40%","  height: 40%; "
"src/components/components.css","1112","hardcodedSpacing","width: 40%","  width: 40%; "
"src/components/components.css","1113","hardcodedSpacing","height: 40%","  height: 40%; "
"src/components/components.css","1216","hardcodedSpacing","width: 100%","  width: 100%; "
"src/components/components.css","94","hardcodedTypography","font-weight: 500","  font-weight: 500; "
"src/components/components.css","113","hardcodedTypography","font-weight: 500","  font-weight: 500; "
"src/components/components.css","141","hardcodedTypography","font-weight: 900","  font-weight: 900; "
"src/components/components.css","157","hardcodedTypography","font-weight: 500","  font-weight: 500; "
"src/components/components.css","236","hardcodedTypography","font-weight: 500","  font-weight: 500; "
"src/components/components.css","243","hardcodedTypography","font-weight: 900","  font-weight: 900; "
"src/components/components.css","254","hardcodedTypography","font-weight: 500","  font-weight: 500; "
"src/components/components.css","281","hardcodedTypography","font-weight: 900","  font-weight: 900; "
"src/components/components.css","852","hardcodedTypography","font-weight: 900","  font-weight: 900; "
"src/components/components.css","859","hardcodedTypography","font-weight: 900","  font-weight: 900; "
"src/components/components.css","914","hardcodedTypography","font-weight: 900","  font-weight: 900; "
"src/components/components.css","929","hardcodedTypography","font-weight: 900","  font-weight: 900; "
"src/components/components.css","963","hardcodedTypography","font-weight: 900","  font-weight: 900; "
"src/components/components.css","986","hardcodedTypography","font-weight: 900","  font-weight: 900; "
"src/components/components.css","1063","hardcodedTypography","font-weight: 900","  font-weight: 900; "
"src/components/components.css","1076","hardcodedTypography","font-weight: 700","  font-weight: 700; "
"src/components/components.css","1181","hardcodedTypography","font-weight: 900","  font-weight: 900; "
"src/components/components.css","1189","hardcodedTypography","font-weight: 900","  font-weight: 900; "
"src/components/components.css","1258","hardcodedTypography","font-weight: 900","  font-weight: 900; "
"src/components/components.css","1268","hardcodedTypography","font-weight: 700","  font-weight: 700; "
"src/components/components.css","1273","hardcodedTypography","font-weight: 500","  font-weight: 500; "
"src/components/EvaluationModule.css","19","hardcodedTypography","font-weight: 900","    font-weight: 900; "
"src/components/EvaluationModule.css","25","hardcodedTypography","font-weight: 500","    font-weight: 500; "
"src/components/EvaluationModule.css","61","hardcodedTypography","font-weight: 900","    font-weight: 900; "
"src/components/EvaluationModule.css","84","hardcodedTypography","font-weight: 900","    font-weight: 900; "
"src/components/EvaluationModule.css","106","hardcodedTypography","font-weight: 900","    font-weight: 900; "
"src/components/EvaluationModule.css","150","hardcodedTypography","font-weight: 900","    font-weight: 900; "
"src/components/EvaluationModule.css","156","hardcodedTypography","font-weight: 900","    font-weight: 900; "
"src/components/EvaluationModule.css","179","hardcodedTypography","font-weight: 900","    font-weight: 900; "
"src/components/EvaluationModule.css","217","hardcodedTypography","font-weight: 900","    font-weight: 900; "
"src/components/EvaluationModule.css","230","hardcodedTypography","font-weight: 900","    font-weight: 900; "
"src/components/EvaluationModule.css","251","hardcodedTypography","font-weight: 700","    font-weight: 700; "
"src/components/EvaluationModule.css","261","hardcodedTypography","font-weight: 700","    font-weight: 700; "
"src/components/EvaluationModule.css","281","hardcodedTypography","font-weight: 900","    font-weight: 900; "
"src/components/EvaluationModule.css","330","hardcodedTypography","font-weight: 900","    font-weight: 900; "
"src/components/EvaluationModule.css","354","hardcodedTypography","font-weight: 900","    font-weight: 900; "
"src/components/EvaluationModule.css","362","hardcodedTypography","font-weight: 900","    font-weight: 900; "
"src/components/EvaluationModule.css","396","hardcodedTypography","font-weight: 900","    font-weight: 900; "
"src/components/EvaluationModule.css","401","hardcodedTypography","font-weight: 700","    font-weight: 700; "
"src/components/EvaluationModule.css","428","hardcodedTypography","font-weight: 700","    font-weight: 700; "
"src/components/EvaluationModule.css","444","hardcodedTypography","font-weight: 900","    font-weight: 900; "
"src/components/EvaluationModule.css","471","hardcodedTypography","font-weight: 900","    font-weight: 900; "
"src/components/Logo.tsx","79","nonMD3Var","var(--app-logo-width)","        style={{ display: 'flex', alignItems: 'center', justifyContent: 'center', cursor: 'pointer',"
"src/components/Menu.css","11","hardcodedSpacing","width: 100%","  width: 100%; "
"src/components/Menu.css","97","hardcodedTypography","font-weight: 900","  font-weight: 900; /* font-black equivalent */ "
"src/components/Menu.css","84","nonMD3Var","var(--font-variable)","  font-family: var(--font-variable); "
"src/components/Menu.css","85","nonMD3Var","var(--font-variation-settings)","  font-variation-settings: var(--font-variation-settings); "
"src/components/navigation-rail.css","24","hardcodedSpacing","width: 100%","  width: 100%; "
"src/components/navigation-rail.css","60","hardcodedSpacing","height: 100%","    height: 100%; "
"src/components/navigation-rail.css","74","hardcodedSpacing","width: 100%","  width: 100%; "
"src/components/navigation-rail.css","216","hardcodedTypography","font-weight: 700","  font-weight: 700; "
"src/components/navigation-rail.css","245","hardcodedTypography","font-weight: 500","  font-weight: 500; "
"src/components/navigation-rail.css","47","nonMD3Var","var(--glass-bg)","  background: var(--glass-bg); "
"src/components/navigation-rail.css","48","nonMD3Var","var(--glass-blur)","  backdrop-filter: var(--glass-blur); "
"src/components/navigation-rail.css","49","nonMD3Var","var(--glass-blur)","  -webkit-backdrop-filter: var(--glass-blur); "
"src/components/TeacherInbox.tsx","79","nonMD3Var","var(--md-easing-standard)","                                        transition: 'var(--md-easing-standard)', "
"src/components/TeacherInbox.tsx","106","nonMD3Var","var(--md-easing-standard)","                                        <div key={sub.id}  style={{borderRadius: 'var(--md-sys-shape"
"src/components/Timetable.tsx","87","nonMD3Var","var(--app-content-max-width)","                // Responsive container: fluid width up to var(--app-content-max-width) so content s"
"src/components/Timetable.tsx","89","nonMD3Var","var(--app-content-max-width)","                maxWidth: 'var(--app-content-max-width)', "
"src/components/ui/ui-components.css","36","nonMD3Var","var(--spacing-12)","  gap: var(--spacing-12); "
"src/components/ui/ui-components.css","39","nonMD3Var","var(--spacing-16)","  gap: var(--spacing-16); "
"src/components/ui/ui-components.css","42","nonMD3Var","var(--spacing-12)","  padding: var(--spacing-12); "
"src/components/ui/ui-components.css","45","nonMD3Var","var(--spacing-16)","  padding: var(--spacing-16); "
"src/components/ui/ui-components.css","48","nonMD3Var","var(--spacing-12)","  padding-left: var(--spacing-12); "
"src/components/ui/ui-components.css","49","nonMD3Var","var(--spacing-12)","  padding-right: var(--spacing-12); "
"src/components/ui/ui-components.css","52","nonMD3Var","var(--spacing-12)","  padding-top: var(--spacing-12); "
"src/components/ui/ui-components.css","53","nonMD3Var","var(--spacing-12)","  padding-bottom: var(--spacing-12); "
"src/components/ui/ui-components.css","56","nonMD3Var","var(--spacing-16)","  padding-left: var(--spacing-16); "
"src/components/ui/ui-components.css","57","nonMD3Var","var(--spacing-16)","  padding-right: var(--spacing-16); "
"src/components/ui/ui-components.css","60","nonMD3Var","var(--spacing-16)","  padding-top: var(--spacing-16); "
"src/components/ui/ui-components.css","61","nonMD3Var","var(--spacing-16)","  padding-bottom: var(--spacing-16); "
"src/components/ui/ui-components.css","64","nonMD3Var","var(--spacing-12)","  margin-top: var(--spacing-12); "
"src/components/ui/ui-components.css","67","nonMD3Var","var(--spacing-12)","  margin-bottom: var(--spacing-12); "
"src/components/ui/ui-components.css","70","nonMD3Var","var(--spacing-16)","  margin-top: var(--spacing-16); "
"src/components/ui/ui-components.css","73","nonMD3Var","var(--spacing-16)","  margin-bottom: var(--spacing-16); "
"src/components/ui/ui-components.css","126","nonMD3Var","var(--motion-duration-short3)","  transition: background-color var(--motion-duration-short3) var(--md-sys-motion-easing-standard); "
"src/components/ui/ui-components.css","129","nonMD3Var","var(--motion-duration-short3)","  transition: transform var(--motion-duration-short3) var(--md-sys-motion-easing-standard); "
"src/components/ui/ui-components.css","132","nonMD3Var","var(--motion-duration-medium2)","  transition: transform var(--motion-duration-medium2) var(--md-sys-motion-easing-emphasized); "
"src/components/VoiceNoteRecorder.tsx","188","nonMD3Var","var(--colors-error-container)","        boxShadow: isRecording ? `0 0 0 ${Math.min(audioLevel / 5, 10)}px var(--colors-error-contain"
"src/components.css","167","nonMD3Var","var(--motion-duration-short4)","  transition: color var(--motion-duration-short4) var(--md-sys-motion-easing-standard), "
"src/components.css","168","nonMD3Var","var(--motion-duration-short4)","              background-color var(--motion-duration-short4) var(--md-sys-motion-easing-standard), "
"src/components.css","169","nonMD3Var","var(--motion-duration-short4)","              border-color var(--motion-duration-short4) var(--md-sys-motion-easing-standard); "
"src/components.css","173","nonMD3Var","var(--motion-duration-short4)","  transition: transform var(--motion-duration-short4) var(--md-sys-motion-easing-standard); "
"src/components.css","177","nonMD3Var","var(--motion-duration-short3)","  transition: opacity var(--motion-duration-short3) var(--md-sys-motion-easing-standard); "
"src/components.css","181","nonMD3Var","var(--motion-duration-short4)","  transition: box-shadow var(--motion-duration-short4) var(--md-sys-motion-easing-standard); "
"src/components.css","186","nonMD3Var","var(--motion-duration-short3)","  transition: transform var(--motion-duration-short3) var(--md-sys-motion-easing-standard), "
"src/components.css","187","nonMD3Var","var(--motion-duration-short3)","              box-shadow var(--motion-duration-short3) var(--md-sys-motion-easing-standard), "
"src/components.css","188","nonMD3Var","var(--motion-duration-short3)","              background-color var(--motion-duration-short3) var(--md-sys-motion-easing-standard); "
"src/components.css","192","nonMD3Var","var(--motion-duration-short2)","  transition: outline var(--motion-duration-short2) var(--md-sys-motion-easing-standard), "
"src/components.css","193","nonMD3Var","var(--motion-duration-short2)","              box-shadow var(--motion-duration-short2) var(--md-sys-motion-easing-standard); "
"src/components.css","198","nonMD3Var","var(--motion-duration-short4)","  animation: m3-enter var(--motion-duration-short4) var(--md-sys-motion-easing-standard) forwards; "
"src/components.css","202","nonMD3Var","var(--motion-duration-short3)","  animation: m3-exit var(--motion-duration-short3) var(--md-sys-motion-easing-standard) forwards; "
"src/components.css","206","nonMD3Var","var(--motion-duration-medium1)","  animation: m3-emphasis var(--motion-duration-medium1) var(--md-sys-motion-easing-expressive) forwa"
"src/components.css","246","nonMD3Var","var(--motion-duration-short3)","  transition: transform var(--motion-duration-short3) var(--md-sys-motion-easing-standard), "
"src/components.css","247","nonMD3Var","var(--motion-duration-short3)","              box-shadow var(--motion-duration-short3) var(--md-sys-motion-easing-standard); "
"src/components.css","256","nonMD3Var","var(--motion-duration-short3)","  transition: transform var(--motion-duration-short3) var(--md-sys-motion-easing-standard); "
"src/components.css","264","nonMD3Var","var(--motion-duration-short4)","  transition: box-shadow var(--motion-duration-short4) var(--md-sys-motion-easing-standard); "
"src/components.css","273","nonMD3Var","var(--motion-duration-short2)","  transition: transform var(--motion-duration-short2) var(--md-sys-motion-easing-standard); "
"src/components.css","281","nonMD3Var","var(--motion-duration-short2)","  transition: transform var(--motion-duration-short2) var(--md-sys-motion-easing-standard); "
"src/constants.ts","218","hardcodedHexColor","#6750A4"," *   ❌ WRONG: backgroundColor: '#6750A4' "
"src/constants.ts","222","hardcodedHexColor","#6750A4","    { name: 'M3 Default', colors: { primary: '#6750A4', secondary: '#625B71', tertiary: '#7D5260' } "
"src/constants.ts","222","hardcodedHexColor","#625B71","    { name: 'M3 Default', colors: { primary: '#6750A4', secondary: '#625B71', tertiary: '#7D5260' } "
"src/constants.ts","222","hardcodedHexColor","#7D5260","    { name: 'M3 Default', colors: { primary: '#6750A4', secondary: '#625B71', tertiary: '#7D5260' } "
"src/constants.ts","223","hardcodedHexColor","#0061A4","    { name: 'Blue', colors: { primary: '#0061A4', secondary: '#535F70', tertiary: '#6B5778' } }, "
"src/constants.ts","223","hardcodedHexColor","#535F70","    { name: 'Blue', colors: { primary: '#0061A4', secondary: '#535F70', tertiary: '#6B5778' } }, "
"src/constants.ts","223","hardcodedHexColor","#6B5778","    { name: 'Blue', colors: { primary: '#0061A4', secondary: '#535F70', tertiary: '#6B5778' } }, "
"src/constants.ts","224","hardcodedHexColor","#006A6A","    { name: 'Teal', colors: { primary: '#006A6A', secondary: '#4A6363', tertiary: '#4B6178' } }, "
"src/constants.ts","224","hardcodedHexColor","#4A6363","    { name: 'Teal', colors: { primary: '#006A6A', secondary: '#4A6363', tertiary: '#4B6178' } }, "
"src/constants.ts","224","hardcodedHexColor","#4B6178","    { name: 'Teal', colors: { primary: '#006A6A', secondary: '#4A6363', tertiary: '#4B6178' } }, "
"src/constants.ts","225","hardcodedHexColor","#B3261E","    { name: 'Red/Brown', colors: { primary: '#B3261E', secondary: '#795942', tertiary: '#755B51' } }"
"src/constants.ts","225","hardcodedHexColor","#795942","    { name: 'Red/Brown', colors: { primary: '#B3261E', secondary: '#795942', tertiary: '#755B51' } }"
"src/constants.ts","225","hardcodedHexColor","#755B51","    { name: 'Red/Brown', colors: { primary: '#B3261E', secondary: '#795942', tertiary: '#755B51' } }"
"src/constants.ts","226","hardcodedHexColor","#386A20","    { name: 'Green', colors: { primary: '#386A20', secondary: '#55624C', tertiary: '#186C5D' } }, "
"src/constants.ts","226","hardcodedHexColor","#55624C","    { name: 'Green', colors: { primary: '#386A20', secondary: '#55624C', tertiary: '#186C5D' } }, "
"src/constants.ts","226","hardcodedHexColor","#186C5D","    { name: 'Green', colors: { primary: '#386A20', secondary: '#55624C', tertiary: '#186C5D' } }, "
"src/constants.ts","227","hardcodedHexColor","#E65100","    { name: 'Sunset', colors: { primary: '#E65100', secondary: '#795942', tertiary: '#9C4146' } }, "
"src/constants.ts","227","hardcodedHexColor","#795942","    { name: 'Sunset', colors: { primary: '#E65100', secondary: '#795942', tertiary: '#9C4146' } }, "
"src/constants.ts","227","hardcodedHexColor","#9C4146","    { name: 'Sunset', colors: { primary: '#E65100', secondary: '#795942', tertiary: '#9C4146' } }, "
"src/constants.ts","228","hardcodedHexColor","#2E7D32","    { name: 'Forest', colors: { primary: '#2E7D32', secondary: '#3E6837', tertiary: '#827717' } }, "
"src/constants.ts","228","hardcodedHexColor","#3E6837","    { name: 'Forest', colors: { primary: '#2E7D32', secondary: '#3E6837', tertiary: '#827717' } }, "
"src/constants.ts","228","hardcodedHexColor","#827717","    { name: 'Forest', colors: { primary: '#2E7D32', secondary: '#3E6837', tertiary: '#827717' } }, "
"src/constants.ts","229","hardcodedHexColor","#0277BD","    { name: 'Ocean', colors: { primary: '#0277BD', secondary: '#006064', tertiary: '#0288D1' } }, "
"src/constants.ts","229","hardcodedHexColor","#006064","    { name: 'Ocean', colors: { primary: '#0277BD', secondary: '#006064', tertiary: '#0288D1' } }, "
"src/constants.ts","229","hardcodedHexColor","#0288D1","    { name: 'Ocean', colors: { primary: '#0277BD', secondary: '#006064', tertiary: '#0288D1' } }, "
"src/constants.ts","230","hardcodedHexColor","#00E5FF","    { name: 'Neon Cyber', colors: { primary: '#00E5FF', secondary: '#F50057', tertiary: '#76FF03' } "
"src/constants.ts","230","hardcodedHexColor","#F50057","    { name: 'Neon Cyber', colors: { primary: '#00E5FF', secondary: '#F50057', tertiary: '#76FF03' } "
"src/constants.ts","230","hardcodedHexColor","#76FF03","    { name: 'Neon Cyber', colors: { primary: '#00E5FF', secondary: '#F50057', tertiary: '#76FF03' } "
"src/constants.ts","231","hardcodedHexColor","#1A73E8","    { name: 'AI Studio', colors: { primary: '#1A73E8', secondary: '#9C27B0', tertiary: '#E8710A' } }"
"src/constants.ts","231","hardcodedHexColor","#9C27B0","    { name: 'AI Studio', colors: { primary: '#1A73E8', secondary: '#9C27B0', tertiary: '#E8710A' } }"
"src/constants.ts","231","hardcodedHexColor","#E8710A","    { name: 'AI Studio', colors: { primary: '#1A73E8', secondary: '#9C27B0', tertiary: '#E8710A' } }"
"src/constants.ts","232","hardcodedHexColor","#EA4335","    { name: 'Workspace', colors: { primary: '#EA4335', secondary: '#4285F4', tertiary: '#34A853' } }"
"src/constants.ts","232","hardcodedHexColor","#4285F4","    { name: 'Workspace', colors: { primary: '#EA4335', secondary: '#4285F4', tertiary: '#34A853' } }"
"src/constants.ts","232","hardcodedHexColor","#34A853","    { name: 'Workspace', colors: { primary: '#EA4335', secondary: '#4285F4', tertiary: '#34A853' } }"
"src/global.css","7","hardcodedHexColor","#6750a4","  --md-sys-color-primary: #6750a4; "
"src/global.css","8","hardcodedHexColor","#ffffff","  --md-sys-color-on-primary: #ffffff; "
"src/global.css","9","hardcodedHexColor","#EADDFF","  --md-sys-color-primary-container: #EADDFF; "
"src/global.css","10","hardcodedHexColor","#21005D","  --md-sys-color-on-primary-container: #21005D; "
"src/global.css","11","hardcodedHexColor","#625b71","  --md-sys-color-secondary: #625b71; "
"src/global.css","12","hardcodedHexColor","#ffffff","  --md-sys-color-on-secondary: #ffffff; "
"src/global.css","13","hardcodedHexColor","#E8DEF8","  --md-sys-color-secondary-container: #E8DEF8; "
"src/global.css","14","hardcodedHexColor","#1D192B","  --md-sys-color-on-secondary-container: #1D192B; "
"src/global.css","15","hardcodedHexColor","#7D5260","  --md-sys-color-tertiary: #7D5260; "
"src/global.css","16","hardcodedHexColor","#FFFFFF","  --md-sys-color-on-tertiary: #FFFFFF; "
"src/global.css","17","hardcodedHexColor","#FFD8E4","  --md-sys-color-tertiary-container: #FFD8E4; "
"src/global.css","18","hardcodedHexColor","#31111D","  --md-sys-color-on-tertiary-container: #31111D; "
"src/global.css","19","hardcodedHexColor","#BA1A1A","  --md-sys-color-error: #BA1A1A; "
"src/global.css","20","hardcodedHexColor","#FFFFFF","  --md-sys-color-on-error: #FFFFFF; "
"src/global.css","21","hardcodedHexColor","#FFDAD6","  --md-sys-color-error-container: #FFDAD6; "
"src/global.css","22","hardcodedHexColor","#410002","  --md-sys-color-on-error-container: #410002; "
"src/global.css","23","hardcodedHexColor","#146C2E","  --md-sys-color-success: #146C2E; "
"src/global.css","24","hardcodedHexColor","#FFFFFF","  --md-sys-color-on-success: #FFFFFF; "
"src/global.css","25","hardcodedHexColor","#7D5800","  --md-sys-color-warning: #7D5800; "
"src/global.css","26","hardcodedHexColor","#FFFFFF","  --md-sys-color-on-warning: #FFFFFF; "
"src/global.css","27","hardcodedHexColor","#FFFBFE","  --md-sys-color-background: #FFFBFE; "
"src/global.css","28","hardcodedHexColor","#1C1B1F","  --md-sys-color-on-background: #1C1B1F; "
"src/global.css","29","hardcodedHexColor","#FFFBFE","  --md-sys-color-surface: #FFFBFE; "
"src/global.css","30","hardcodedHexColor","#1C1B1F","  --md-sys-color-on-surface: #1C1B1F; "
"src/global.css","31","hardcodedHexColor","#E7E0EC","  --md-sys-color-surface-variant: #E7E0EC; "
"src/global.css","32","hardcodedHexColor","#49454F","  --md-sys-color-on-surface-variant: #49454F; "
"src/global.css","33","hardcodedHexColor","#79747E","  --md-sys-color-outline: #79747E; "
"src/global.css","34","hardcodedHexColor","#CAC4D0","  --md-sys-color-outline-variant: #CAC4D0; "
"src/global.css","35","hardcodedHexColor","#000000","  --md-sys-color-shadow: #000000; "
"src/global.css","36","hardcodedHexColor","#000000","  --md-sys-color-scrim: #000000; "
"src/global.css","37","hardcodedHexColor","#313033","  --md-sys-color-inverse-surface: #313033; "
"src/global.css","38","hardcodedHexColor","#F4EFF4","  --md-sys-color-inverse-on-surface: #F4EFF4; "
"src/global.css","39","hardcodedHexColor","#D0BCFF","  --md-sys-color-inverse-primary: #D0BCFF; "
"src/global.css","40","hardcodedHexColor","#EADDFF","  --md-sys-color-primary-fixed: #EADDFF; "
"src/global.css","41","hardcodedHexColor","#21005D","  --md-sys-color-on-primary-fixed: #21005D; "
"src/global.css","42","hardcodedHexColor","#D0BCFF","  --md-sys-color-primary-fixed-dim: #D0BCFF; "
"src/global.css","43","hardcodedHexColor","#4F378B","  --md-sys-color-on-primary-fixed-variant: #4F378B; "
"src/global.css","44","hardcodedHexColor","#E8DEF8","  --md-sys-color-secondary-fixed: #E8DEF8; "
"src/global.css","45","hardcodedHexColor","#1D192B","  --md-sys-color-on-secondary-fixed: #1D192B; "
"src/global.css","46","hardcodedHexColor","#CBC2DB","  --md-sys-color-secondary-fixed-dim: #CBC2DB; "
"src/global.css","47","hardcodedHexColor","#4A4458","  --md-sys-color-on-secondary-fixed-variant: #4A4458; "
"src/global.css","48","hardcodedHexColor","#FFD8E4","  --md-sys-color-tertiary-fixed: #FFD8E4; "
"src/global.css","49","hardcodedHexColor","#31111D","  --md-sys-color-on-tertiary-fixed: #31111D; "
"src/global.css","50","hardcodedHexColor","#EFB8C8","  --md-sys-color-tertiary-fixed-dim: #EFB8C8; "
"src/global.css","51","hardcodedHexColor","#633B48","  --md-sys-color-on-tertiary-fixed-variant: #633B48; "
"src/global.css","52","hardcodedHexColor","#DED8E1","  --md-sys-color-surface-dim: #DED8E1; "
"src/global.css","53","hardcodedHexColor","#FFFBFE","  --md-sys-color-surface-bright: #FFFBFE; "
"src/global.css","54","hardcodedHexColor","#FFFFFF","  --md-sys-color-surface-container-lowest: #FFFFFF; "
"src/global.css","55","hardcodedHexColor","#F7F2FA","  --md-sys-color-surface-container-low: #F7F2FA; "
"src/global.css","56","hardcodedHexColor","#F3EDF7","  --md-sys-color-surface-container: #F3EDF7; "
"src/global.css","57","hardcodedHexColor","#ECE6F0","  --md-sys-color-surface-container-high: #ECE6F0; "
"src/global.css","58","hardcodedHexColor","#E6E0E9","  --md-sys-color-surface-container-highest: #E6E0E9; "
"src/global.css","187","hardcodedHexColor","#d0bcff","  --md-sys-color-primary: #d0bcff; "
"src/global.css","188","hardcodedHexColor","#381e72","  --md-sys-color-on-primary: #381e72; "
"src/global.css","189","hardcodedHexColor","#4F378B","  --md-sys-color-primary-container: #4F378B; "
"src/global.css","190","hardcodedHexColor","#EADDFF","  --md-sys-color-on-primary-container: #EADDFF; "
"src/global.css","191","hardcodedHexColor","#ccc2dc","  --md-sys-color-secondary: #ccc2dc; "
"src/global.css","192","hardcodedHexColor","#332d41","  --md-sys-color-on-secondary: #332d41; "
"src/global.css","193","hardcodedHexColor","#4A4458","  --md-sys-color-secondary-container: #4A4458; "
"src/global.css","194","hardcodedHexColor","#E8DEF8","  --md-sys-color-on-secondary-container: #E8DEF8; "
"src/global.css","195","hardcodedHexColor","#efb8c8","  --md-sys-color-tertiary: #efb8c8; "
"src/global.css","196","hardcodedHexColor","#492532","  --md-sys-color-on-tertiary: #492532; "
"src/global.css","197","hardcodedHexColor","#633B48","  --md-sys-color-tertiary-container: #633B48; "
"src/global.css","198","hardcodedHexColor","#FFD8E4","  --md-sys-color-on-tertiary-container: #FFD8E4; "
"src/global.css","199","hardcodedHexColor","#FFB4AB","  --md-sys-color-error: #FFB4AB; "
"src/global.css","200","hardcodedHexColor","#690005","  --md-sys-color-on-error: #690005; "
"src/global.css","201","hardcodedHexColor","#93000A","  --md-sys-color-error-container: #93000A; "
"src/global.css","202","hardcodedHexColor","#FFDAD6","  --md-sys-color-on-error-container: #FFDAD6; "
"src/global.css","203","hardcodedHexColor","#8DD99F","  --md-sys-color-success: #8DD99F; "
"src/global.css","204","hardcodedHexColor","#003912","  --md-sys-color-on-success: #003912; "
"src/global.css","205","hardcodedHexColor","#FFBE48","  --md-sys-color-warning: #FFBE48; "
"src/global.css","206","hardcodedHexColor","#402D00","  --md-sys-color-on-warning: #402D00; "
"src/global.css","207","hardcodedHexColor","#141218","  --md-sys-color-background: #141218; "
"src/global.css","208","hardcodedHexColor","#E6E0E9","  --md-sys-color-on-background: #E6E0E9; "
"src/global.css","209","hardcodedHexColor","#141218","  --md-sys-color-surface: #141218; "
"src/global.css","210","hardcodedHexColor","#E6E0E9","  --md-sys-color-on-surface: #E6E0E9; "
"src/global.css","211","hardcodedHexColor","#49454F","  --md-sys-color-surface-variant: #49454F; "
"src/global.css","212","hardcodedHexColor","#CAC4D0","  --md-sys-color-on-surface-variant: #CAC4D0; "
"src/global.css","213","hardcodedHexColor","#938F99","  --md-sys-color-outline: #938F99; "
"src/global.css","214","hardcodedHexColor","#49454F","  --md-sys-color-outline-variant: #49454F; "
"src/global.css","215","hardcodedHexColor","#000000","  --md-sys-color-shadow: #000000; "
"src/global.css","216","hardcodedHexColor","#000000","  --md-sys-color-scrim: #000000; "
"src/global.css","217","hardcodedHexColor","#E6E0E9","  --md-sys-color-inverse-surface: #E6E0E9; "
"src/global.css","218","hardcodedHexColor","#313033","  --md-sys-color-inverse-on-surface: #313033; "
"src/global.css","219","hardcodedHexColor","#6750A4","  --md-sys-color-inverse-primary: #6750A4; "
"src/global.css","220","hardcodedHexColor","#EADDFF","  --md-sys-color-primary-fixed: #EADDFF; "
"src/global.css","221","hardcodedHexColor","#21005D","  --md-sys-color-on-primary-fixed: #21005D; "
"src/global.css","222","hardcodedHexColor","#D0BCFF","  --md-sys-color-primary-fixed-dim: #D0BCFF; "
"src/global.css","223","hardcodedHexColor","#4F378B","  --md-sys-color-on-primary-fixed-variant: #4F378B; "
"src/global.css","224","hardcodedHexColor","#E8DEF8","  --md-sys-color-secondary-fixed: #E8DEF8; "
"src/global.css","225","hardcodedHexColor","#1D192B","  --md-sys-color-on-secondary-fixed: #1D192B; "
"src/global.css","226","hardcodedHexColor","#CBC2DB","  --md-sys-color-secondary-fixed-dim: #CBC2DB; "
"src/global.css","227","hardcodedHexColor","#4A4458","  --md-sys-color-on-secondary-fixed-variant: #4A4458; "
"src/global.css","228","hardcodedHexColor","#FFD8E4","  --md-sys-color-tertiary-fixed: #FFD8E4; "
"src/global.css","229","hardcodedHexColor","#31111D","  --md-sys-color-on-tertiary-fixed: #31111D; "
"src/global.css","230","hardcodedHexColor","#EFB8C8","  --md-sys-color-tertiary-fixed-dim: #EFB8C8; "
"src/global.css","231","hardcodedHexColor","#633B48","  --md-sys-color-on-tertiary-fixed-variant: #633B48; "
"src/global.css","232","hardcodedHexColor","#141218","  --md-sys-color-surface-dim: #141218; "
"src/global.css","233","hardcodedHexColor","#3B383E","  --md-sys-color-surface-bright: #3B383E; "
"src/global.css","234","hardcodedHexColor","#0F0D13","  --md-sys-color-surface-container-lowest: #0F0D13; "
"src/global.css","235","hardcodedHexColor","#1D1B20","  --md-sys-color-surface-container-low: #1D1B20; "
"src/global.css","236","hardcodedHexColor","#211F26","  --md-sys-color-surface-container: #211F26; "
"src/global.css","237","hardcodedHexColor","#2D2A32","  --md-sys-color-surface-container-high: #2D2A32; "
"src/global.css","238","hardcodedHexColor","#38343C","  --md-sys-color-surface-container-highest: #38343C; "
"src/global.css","294","hardcodedSpacing","width: 100%","  width: 100%; "
"src/global.css","576","hardcodedSpacing","width: 100%","  width: 100%; "
"src/global.css","844","hardcodedSpacing","width: 100%","  width: 100%; "
"src/global.css","910","hardcodedSpacing","width: 100%","  width: 100%; "
"src/global.css","991","hardcodedSpacing","width: 100%","  width: 100%; "
"src/global.css","1019","hardcodedSpacing","width: 100%","  width: 100%; "
"src/global.css","1393","hardcodedSpacing","width: 100%","  width: 100%; "
"src/global.css","62","hardcodedTypography","font-weight: 400","  --md-sys-typescale-body-large-font-weight: 400; "
"src/global.css","65","hardcodedTypography","font-weight: 400","  --md-sys-typescale-body-medium-font-weight: 400; "
"src/global.css","68","hardcodedTypography","font-weight: 400","  --md-sys-typescale-body-small-font-weight: 400; "
"src/global.css","71","hardcodedTypography","font-weight: 500","  --md-sys-typescale-label-large-font-weight: 500; "
"src/global.css","75","hardcodedTypography","font-weight: 500","  --md-sys-typescale-label-medium-font-weight: 500; "
"src/global.css","79","hardcodedTypography","font-weight: 500","  --md-sys-typescale-label-small-font-weight: 500; "
"src/global.css","86","hardcodedTypography","font-weight: 400","  --md-sys-typescale-display-large-font-weight: 400; "
"src/global.css","90","hardcodedTypography","font-weight: 400","  --md-sys-typescale-display-medium-font-weight: 400; "
"src/global.css","94","hardcodedTypography","font-weight: 400","  --md-sys-typescale-display-small-font-weight: 400; "
"src/global.css","98","hardcodedTypography","font-weight: 400","  --md-sys-typescale-headline-large-font-weight: 400; "
"src/global.css","102","hardcodedTypography","font-weight: 400","  --md-sys-typescale-headline-medium-font-weight: 400; "
"src/global.css","106","hardcodedTypography","font-weight: 400","  --md-sys-typescale-headline-small-font-weight: 400; "
"src/global.css","110","hardcodedTypography","font-weight: 400","  --md-sys-typescale-title-large-font-weight: 400; "
"src/global.css","114","hardcodedTypography","font-weight: 500","  --md-sys-typescale-title-medium-font-weight: 500; "
"src/global.css","118","hardcodedTypography","font-weight: 500","  --md-sys-typescale-title-small-font-weight: 500; "
"src/global.css","122","hardcodedTypography","font-weight: 400","  --md-sys-typescale-body-large-font-weight: 400; "
"src/global.css","126","hardcodedTypography","font-weight: 400","  --md-sys-typescale-body-medium-font-weight: 400; "
"src/global.css","130","hardcodedTypography","font-weight: 400","  --md-sys-typescale-body-small-font-weight: 400; "
"src/global.css","134","hardcodedTypography","font-weight: 500","  --md-sys-typescale-label-large-font-weight: 500; "
"src/global.css","138","hardcodedTypography","font-weight: 500","  --md-sys-typescale-label-medium-font-weight: 500; "
"src/global.css","142","hardcodedTypography","font-weight: 500","  --md-sys-typescale-label-small-font-weight: 500; "
"src/global.css","306","hardcodedTypography","font-weight: 900","  font-weight: 900; "
"src/global.css","1287","hardcodedTypography","font-weight: 900","  font-weight: 900; "
"src/global.css","1362","hardcodedTypography","font-weight: 800","  font-weight: 800; "
"src/global.css","1468","hardcodedTypography","font-weight: 700","  font-weight: 700; "
"src/layout.css","7","hardcodedRgbColor","rgba(255, 255, 255","  --md-sys-glass-bg: rgba(255, 255, 255, 0.82); "
"src/layout.css","8","hardcodedRgbColor","rgba(0, 0, 0","  --md-sys-overlay-20: rgba(0, 0, 0, 0.2); "
"src/layout.css","9","hardcodedRgbColor","rgba(0, 0, 0","  --md-sys-overlay-40: rgba(0, 0, 0, 0.4); "
"src/layout.css","10","hardcodedRgbColor","rgba(0, 0, 0","  --md-sys-overlay-60: rgba(0, 0, 0, 0.6); "
"src/layout.css","201","hardcodedTypography","font-weight: 600","    font-weight: 600; "
"src/layout.css","211","hardcodedTypography","font-weight: 700","    font-weight: 700; "
"src/layout.css","269","hardcodedTypography","font-weight: 600","    font-weight: 600; "
"src/layout.css","335","hardcodedTypography","font-weight: 700","    font-weight: 700; "
"src/layout.css","409","hardcodedTypography","font-weight: 700","    font-weight: 700; "
"src/layout.css","583","hardcodedTypography","font-weight: 700",".m3-display-large { font-size: var(--md-sys-typescale-display-large); line-height: 1.05; font-weight"
"src/layout.css","584","hardcodedTypography","font-weight: 700",".m3-display-medium { font-size: var(--md-sys-typescale-display-medium); line-height: 1.06; font-weig"
"src/layout.css","585","hardcodedTypography","font-weight: 700",".m3-headline-large { font-size: var(--md-sys-typescale-headline-large); font-weight: 700; } "
"src/layout.css","586","hardcodedTypography","font-weight: 700",".m3-headline-medium { font-size: var(--md-sys-typescale-headline-medium); font-weight: 700; } "
"src/layout.css","587","hardcodedTypography","font-weight: 700",".m3-title-large { font-size: var(--md-sys-typescale-title-large); font-weight: 700; } "
"src/layout.css","588","hardcodedTypography","font-weight: 600",".m3-title-medium { font-size: var(--md-sys-typescale-title-medium); font-weight: 600; } "
"src/layout.css","590","hardcodedTypography","font-weight: 500",".m3-label-medium { font-size: var(--md-sys-typescale-label-medium); font-weight: 500; } "
"src/layout.css","629","hardcodedTypography","font-weight: 500",".font-medium { font-weight: 500; } "
"src/layout.css","630","hardcodedTypography","font-weight: 600",".font-semibold { font-weight: 600; } "
"src/layout.css","631","hardcodedTypography","font-weight: 700",".font-bold { font-weight: 700; } "
"src/layout.css","632","hardcodedTypography","font-weight: 900",".font-black { font-weight: 900; } "
"src/layout.css","1176","hardcodedTypography","font-weight: 700","    font-weight: 700; "
"src/layout.css","1226","hardcodedTypography","font-weight: 500","    font-weight: 500; "
"src/layout.css","1256","hardcodedTypography","font-weight: 700","    font-weight: 700; "
"src/layout.css","1434","hardcodedTypography","font-weight: 600","    font-weight: 600; "
"src/layout.css","1457","hardcodedTypography","font-weight: 600","    font-weight: 600; "
"src/layout.css","1469","hardcodedTypography","font-weight: 500","    font-weight: 500; "
"src/layout.css","1520","hardcodedTypography","font-weight: 900","    font-weight: 900; "
"src/layout.css","1563","hardcodedTypography","font-weight: 500","    font-weight: 500; "
"src/layout.css","1765","hardcodedTypography","font-weight: 900","    font-weight: 900; "
"src/layout.css","1789","hardcodedTypography","font-weight: 900","    font-weight: 900; "
"src/layout.css","1824","hardcodedTypography","font-weight: 900","    font-weight: 900; "
"src/layout.css","1851","hardcodedTypography","font-weight: 900","    font-weight: 900; "
"src/layout.css","1934","hardcodedTypography","font-weight: 900","    font-weight: 900; "
"src/layout.css","1951","hardcodedTypography","font-weight: 900","    font-weight: 900; "
"src/layout.css","2038","hardcodedTypography","font-weight: 700","    font-weight: 700; "
"src/layout.css","2072","hardcodedTypography","font-weight: 700","    font-weight: 700; "
"src/layout.css","2104","hardcodedTypography","font-weight: 700","    font-weight: 700; "
"src/layout.css","2138","hardcodedTypography","font-weight: 700","    font-weight: 700; "
"src/layout.css","2283","hardcodedTypography","font-weight: 900","    font-weight: 900; "
"src/layout.css","2299","hardcodedTypography","font-weight: 900","    font-weight: 900; "
"src/layout.css","2368","hardcodedTypography","font-weight: 900","    font-weight: 900; "
"src/layout.css","2381","hardcodedTypography","font-weight: 900","    font-weight: 900; "
"src/layout.css","2431","hardcodedTypography","font-weight: 900","    font-weight: 900; "
"src/layout.css","2520","hardcodedTypography","font-weight: 900","    font-weight: 900; "
"src/layout.css","2542","hardcodedTypography","font-weight: 900","    font-weight: 900; "
"src/layout.css","2587","hardcodedTypography","font-weight: 800","    font-weight: 800; "
"src/layout.css","2600","hardcodedTypography","font-weight: 800","    font-weight: 800; "
"src/layout.css","2656","hardcodedTypography","font-weight: 900","    font-weight: 900; "
"src/layout.css","2662","hardcodedTypography","font-weight: 800","    font-weight: 800; "
"src/layout.css","2680","hardcodedTypography","font-weight: 800","    font-weight: 800; "
"src/layout.css","2772","hardcodedTypography","font-weight: 700","    font-weight: 700; "
"src/layout.css","2810","hardcodedTypography","font-weight: 800","    font-weight: 800; "
"src/layout.css","2831","hardcodedTypography","font-weight: 800","    font-weight: 800; "
"src/layout.css","2879","hardcodedTypography","font-weight: 900","    font-weight: 900; "
"src/layout.css","3004","hardcodedTypography","font-weight: 500","    font-weight: 500; "
"src/layout.css","3102","hardcodedTypography","font-weight: 700","    font-weight: 700; "
"src/layout.css","3114","hardcodedTypography","font-weight: 700","    font-weight: 700; "
"src/layout.css","3145","hardcodedTypography","font-weight: 700","    font-weight: 700; "
"src/layout.css","3262","hardcodedTypography","font-weight: 500","    font-weight: 500; "
"src/layout.css","3328","hardcodedTypography","font-weight: 700","    font-weight: 700; "
"src/layout.css","3341","hardcodedTypography","font-weight: 900","    font-weight: 900; "
"src/layout.css","3507","hardcodedTypography","font-weight: 700","    font-weight: 700; "
"src/layout.css","3557","hardcodedTypography","font-weight: 700","    font-weight: 700; "
"src/layout.css","3687","hardcodedTypography","font-weight: 700","    font-weight: 700; "
"src/layout.css","3700","hardcodedTypography","font-weight: 900","    font-weight: 900; "
"src/layout.css","3760","hardcodedTypography","font-weight: 700","    font-weight: 700; "
"src/layout.css","3774","hardcodedTypography","font-weight: 900","    font-weight: 900; "
"src/layout.css","3800","hardcodedTypography","font-weight: 700","    font-weight: 700; "
"src/layout.css","3869","hardcodedTypography","font-weight: 900","    font-weight: 900; "
"src/layout.css","3934","hardcodedTypography","font-weight: 500","    font-weight: 500; "
"src/layout.css","4027","hardcodedTypography","font-weight: 900","    font-weight: 900; "
"src/layout.css","4045","hardcodedTypography","font-weight: 900","    font-weight: 900; "
"src/layout.css","4303","hardcodedTypography","font-weight: 900","    font-weight: 900; "
"src/layout.css","4350","hardcodedTypography","font-weight: 700","    font-weight: 700; "
"src/layout.css","4429","hardcodedTypography","font-weight: 700","    font-weight: 700; "
"src/layout.css","4437","hardcodedTypography","font-weight: 700","    font-weight: 700; "
"src/layout.css","4524","hardcodedTypography","font-weight: 700","    font-weight: 700; "
"src/layout.css","4560","hardcodedTypography","font-weight: 700","    font-weight: 700; "
"src/layout.css","4596","hardcodedTypography","font-weight: 500","    font-weight: 500; "
"src/layout.css","4676","hardcodedTypography","font-weight: 700","    font-weight: 700; "
"src/layout.css","4688","hardcodedTypography","font-weight: 700","    font-weight: 700; "
"src/layout.css","4720","hardcodedTypography","font-weight: 700","    font-weight: 700; "
"src/layout.css","4942","hardcodedTypography","font-weight: 700","    font-weight: 700; "
"src/layout.css","4984","hardcodedTypography","font-weight: 900","    font-weight: 900; "
"src/layout.css","5015","hardcodedTypography","font-weight: 700","    font-weight: 700; "
"src/layout.css","5102","hardcodedTypography","font-weight: 900","    font-weight: 900; "
"src/layout.css","5150","hardcodedTypography","font-weight: 900","    font-weight: 900; "
"src/layout.css","5158","hardcodedTypography","font-weight: 500","    font-weight: 500; "
"src/layout.css","5170","hardcodedTypography","font-weight: 900","    font-weight: 900; "
"src/layout.css","5314","hardcodedTypography","font-weight: 700","    font-weight: 700; "
"src/layout.css","5348","hardcodedTypography","font-weight: 700","    font-weight: 700; "
"src/layout.css","5448","hardcodedTypography","font-weight: 700","    font-weight: 700; "
"src/layout.css","5533","hardcodedTypography","font-weight: 700","    font-weight: 700; "
"src/layout.css","5553","hardcodedTypography","font-weight: 700","    font-weight: 700; "
"src/layout.css","5666","hardcodedTypography","font-weight: 900","    font-weight: 900; "
"src/layout.css","5698","hardcodedTypography","font-weight: 900","    font-weight: 900; "
"src/layout.css","5755","hardcodedTypography","font-weight: 900","    font-weight: 900; "
"src/layout.css","5766","hardcodedTypography","font-weight: 700","    font-weight: 700; "
"src/layout.css","5792","hardcodedTypography","font-weight: 700","    font-weight: 700; "
"src/layout.css","5847","hardcodedTypography","font-weight: 900","    font-weight: 900; "
"src/layout.css","5881","hardcodedTypography","font-weight: 900","    font-weight: 900; "
"src/layout.css","5907","hardcodedTypography","font-weight: 900","    font-weight: 900; "
"src/layout.css","20","nonMD3Var","var(--aura-gradient)","    background: var(--aura-gradient); "
"src/layout.css","60","nonMD3Var","var(--header-height)","    padding-top: var(--header-height); /* Space for fixed header */ "
"src/layout.css","62","nonMD3Var","var(--content-padding)","    padding-left: var(--content-padding); "
"src/layout.css","63","nonMD3Var","var(--content-padding)","    padding-right: var(--content-padding); "
"src/layout.css","79","nonMD3Var","var(--content-padding-md)","        padding-left: var(--content-padding-md); "
"src/layout.css","80","nonMD3Var","var(--content-padding-md)","        padding-right: var(--content-padding-md); "
"src/layout.css","115","nonMD3Var","var(--shape-xl)","    border-radius: var(--shape-xl); "
"src/layout.css","130","nonMD3Var","var(--shape-l)","    border-top-left-radius: var(--shape-l); "
"src/layout.css","131","nonMD3Var","var(--shape-l)","    border-top-right-radius: var(--shape-l); "
"src/layout.css","152","nonMD3Var","var(--shape-l)","    border-radius: var(--shape-l); "
"src/layout.css","180","nonMD3Var","var(--shape-full)","    border-radius: var(--shape-full); "
"src/layout.css","219","nonMD3Var","var(--shape-full)","    border-radius: var(--shape-full); "
"src/layout.css","266","nonMD3Var","var(--shape-full)","    border-radius: var(--shape-full); "
"src/layout.css","323","nonMD3Var","var(--shape-full)","    border-radius: var(--shape-full); "
"src/layout.css","330","nonMD3Var","var(--shape-full)","    border-radius: var(--shape-full); "
"src/layout.css","529","nonMD3Var","var(--shape-s)",".rounded-s { border-radius: calc(var(--shape-s) * var(--md-sys-color-radius-multiplier, 1)); } "
"src/layout.css","530","nonMD3Var","var(--shape-m)",".rounded-m { border-radius: calc(var(--shape-m) * var(--md-sys-color-radius-multiplier, 1)); } "
"src/layout.css","531","nonMD3Var","var(--shape-m)",".rounded-lg { border-radius: calc(var(--shape-m) * var(--md-sys-color-radius-multiplier, 1)); } "
"src/layout.css","532","nonMD3Var","var(--shape-l)",".rounded-xl { border-radius: calc(var(--shape-l) * var(--md-sys-color-radius-multiplier, 1)); } "
"src/layout.css","533","nonMD3Var","var(--shape-xl)",".rounded-2xl { border-radius: calc(var(--shape-xl) * var(--md-sys-color-radius-multiplier, 1)); } "
"src/layout.css","538","nonMD3Var","var(--shape-full)",".rounded-full { border-radius: var(--shape-full); } "
"src/layout.css","865","nonMD3Var","var(--aura-gradient)","    background: var(--aura-gradient); "
"src/layout.css","882","nonMD3Var","var(--header-height)","    padding-top: var(--header-height); "
"src/layout.css","884","nonMD3Var","var(--content-padding)","    padding-left: var(--content-padding); "
"src/layout.css","885","nonMD3Var","var(--content-padding)","    padding-right: var(--content-padding); "
"src/layout.css","900","nonMD3Var","var(--content-padding-md)","        padding-left: var(--content-padding-md); "
"src/layout.css","901","nonMD3Var","var(--content-padding-md)","        padding-right: var(--content-padding-md); "
"src/layout.css","650","hardcodedBoxShadow","box-shadow: 0 var(--md-sys-spacing-9) var(--md-sys-spacing-15) -15px",".shadow-3xl { box-shadow: 0 var(--md-sys-spacing-9) var(--md-sys-spacing-15) -15px color-mix(in srgb"
"src/logo.css","40","hardcodedTypography","font-weight: 950","  font-weight: 950; "
"src/logo.css","48","hardcodedTypography","font-weight: 900","  font-weight: 900; "
"src/modules.css","49","hardcodedRgbColor","rgba(255, 255, 255","    /* M3 token replacement: rgba(255, 255, 255, 0.2) → var(--md-sys-color-surface-variant) */ "
"src/modules.css","270","hardcodedTypography","font-weight: 700","    font-weight: 700; "
"src/modules.css","324","hardcodedTypography","font-weight: 700","    font-weight: 700; "
"src/modules.css","348","hardcodedTypography","font-weight: 700","    font-weight: 700; "
"src/modules.css","416","hardcodedTypography","font-weight: 700","    font-weight: 700; "
"src/modules.css","423","hardcodedTypography","font-weight: 700","    font-weight: 700; "
"src/modules.css","441","hardcodedTypography","font-weight: 600","    font-weight: 600; "
"src/modules.css","494","hardcodedTypography","font-weight: 700","    font-weight: 700; "
"src/modules.css","509","hardcodedTypography","font-weight: 700","    font-weight: 700; "
"src/modules.css","552","hardcodedTypography","font-weight: 700","    font-weight: 700; "
"src/modules.css","594","hardcodedTypography","font-weight: 500","    font-weight: 500; "
"src/modules.css","602","hardcodedTypography","font-weight: 700","    font-weight: 700; "
"src/modules.css","615","hardcodedTypography","font-weight: 500","    font-weight: 500; "
"src/modules.css","672","hardcodedTypography","font-weight: 700","    font-weight: 700; "
"src/modules.css","704","hardcodedTypography","font-weight: 600","    font-weight: 600; "
"src/modules.css","715","hardcodedTypography","font-weight: 600","    font-weight: 600; "
"src/modules.css","778","hardcodedTypography","font-weight: 700","    font-weight: 700; "
"src/modules.css","787","hardcodedTypography","font-weight: 500","    font-weight: 500; "
"src/modules.css","801","hardcodedTypography","font-weight: 700","    font-weight: 700; "
"src/modules.css","820","hardcodedTypography","font-weight: 600","    font-weight: 600; "
"src/modules.css","851","hardcodedTypography","font-weight: 500","    font-weight: 500; "
"src/modules.css","865","hardcodedTypography","font-weight: 600","    font-weight: 600; "
"src/modules.css","893","hardcodedTypography","font-weight: 700","    font-weight: 700; "
"src/modules.css","928","hardcodedTypography","font-weight: 600","    font-weight: 600; "
"src/modules.css","939","hardcodedTypography","font-weight: 600","    font-weight: 600; "
"src/modules.css","953","hardcodedTypography","font-weight: 500","    font-weight: 500; "
"src/modules.css","1034","hardcodedTypography","font-weight: 700","    font-weight: 700; "
"src/modules.css","1090","hardcodedTypography","font-weight: 500","    font-weight: 500; "
"src/modules.css","1146","hardcodedTypography","font-weight: 700","    font-weight: 700; "
"src/modules.css","1175","hardcodedTypography","font-weight: 600","    font-weight: 600; "
"src/modules.css","1234","hardcodedTypography","font-weight: 800","    font-weight: 800; "
"src/modules.css","1320","hardcodedTypography","font-weight: 700","    font-weight: 700; "
"src/modules.css","1406","hardcodedTypography","font-weight: 600",".kb-folder-info h3 { font-size: var(--md-sys-spacing-4); font-weight: 600; margin-bottom: var(--md-s"
"src/modules.css","1408","hardcodedTypography","font-weight: 600",".kb-folder-stats { margin-top: auto; font-size: var(--md-sys-spacing-3); font-weight: 600; color: va"
"src/modules.css","1545","hardcodedTypography","font-weight: 600","    font-weight: 600; "
"src/modules.css","1620","hardcodedTypography","font-weight: 500","    font-weight: 500; "
"src/modules.css","1964","hardcodedTypography","font-weight: 700","    font-weight: 700; "
"src/modules.css","1978","hardcodedTypography","font-weight: 700","    font-weight: 700; "
"src/modules.css","1997","hardcodedTypography","font-weight: 700","    font-weight: 700; "
"src/modules.css","2093","hardcodedTypography","font-weight: 700","    font-weight: 700; "
"src/modules.css","2127","hardcodedTypography","font-weight: 600","    font-weight: 600; "
"src/modules.css","2238","hardcodedTypography","font-weight: 900","    font-weight: 900; "
"src/modules.css","2278","hardcodedTypography","font-weight: 900","    font-weight: 900; "
"src/modules.css","2315","hardcodedTypography","font-weight: 900","    font-weight: 900; "
"src/modules.css","2348","hardcodedTypography","font-weight: 900","    font-weight: 900; "
"src/modules.css","2459","hardcodedTypography","font-weight: 600","    font-weight: 600; "
"src/modules.css","2478","hardcodedTypography","font-weight: 500","    font-weight: 500; "
"src/modules.css","2540","hardcodedTypography","font-weight: 700","    font-weight: 700; "
"src/modules.css","2583","hardcodedTypography","font-weight: 600","    font-weight: 600; "
"src/modules.css","2625","hardcodedTypography","font-weight: 500","    font-weight: 500; "
"src/modules.css","2682","hardcodedTypography","font-weight: 700","    font-weight: 700; "
"src/modules.css","2738","hardcodedTypography","font-weight: 700","    font-weight: 700; "
"src/modules.css","2829","hardcodedTypography","font-weight: 500","    font-weight: 500; "
"src/modules.css","2887","hardcodedTypography","font-weight: 500","    font-weight: 500; "
"src/modules.css","2940","hardcodedTypography","font-weight: 700","    font-weight: 700; "
"src/modules.css","3077","hardcodedTypography","font-weight: 500","    font-weight: 500; "
"src/modules.css","3179","hardcodedTypography","font-weight: 700","    font-weight: 700; "
"src/modules.css","3274","hardcodedTypography","font-weight: 700","    font-weight: 700; "
"src/modules.css","3380","hardcodedTypography","font-weight: 600","    font-weight: 600; "
"src/modules.css","3391","hardcodedTypography","font-weight: 700","    font-weight: 700; "
"src/modules.css","3428","hardcodedTypography","font-weight: 500","    font-weight: 500; "
"src/modules.css","3710","hardcodedTypography","font-weight: 900","    font-weight: 900; "
"src/modules.css","3728","hardcodedTypography","font-weight: 900","    font-weight: 900; "
"src/modules.css","92","nonMD3Var","var(--component-grid-min-width)","    grid-template-columns: repeat(auto-fit, minmax(var(--component-grid-min-width), 1fr)); "
"src/modules.css","132","nonMD3Var","var(--card-min-height)","    /* M3 token applied: var(--md-sys-layout-card-min-height) → var(--card-min-height) */ "
"src/modules.css","133","nonMD3Var","var(--card-min-height)","    min-height: var(--card-min-height); "
"src/modules.css","167","nonMD3Var","var(--icon-container-size)","    /* M3 token applied: var(--md-sys-spacing-10) → var(--icon-container-size) */ "
"src/modules.css","168","nonMD3Var","var(--icon-container-size)","    width: var(--icon-container-size); "
"src/modules.css","169","nonMD3Var","var(--icon-container-size)","    height: var(--icon-container-size); "
"src/modules.css","386","nonMD3Var","var(--card-fixed-width)","    min-width: var(--card-fixed-width); "
"src/modules.css","387","nonMD3Var","var(--card-fixed-width)","    max-width: var(--card-fixed-width); "
"src/modules.css","1204","nonMD3Var","var(--slot-hue)","    background-color: hsl(var(--slot-hue), var(--md-sys-percent-85), var(--md-sys-percent-96)); "
"src/modules.css","1205","nonMD3Var","var(--slot-hue)","    color: hsl(var(--slot-hue), var(--md-sys-percent-40), var(--md-sys-percent-20)); "
"src/modules.css","1211","nonMD3Var","var(--slot-hue)","    background-color: hsl(var(--slot-hue), var(--md-sys-percent-60), var(--md-sys-percent-20)); "
"src/modules.css","1212","nonMD3Var","var(--slot-hue)","    color: hsl(var(--slot-hue), var(--md-sys-percent-90), var(--md-sys-percent-90)); "
"src/modules.css","1213","nonMD3Var","var(--slot-hue)","    border: var(--md-sys-spacing-0) solid hsl(var(--slot-hue), var(--md-sys-percent-50), var(--md-sy"
"src/modules.css","1384","nonMD3Var","var(--kb-grid-min-width)","    grid-template-columns: repeat(auto-fill, minmax(var(--kb-grid-min-width), 1fr)); "
"src/modules.css","1696","nonMD3Var","var(--panel-max-height)","        /* M3 token replacement: var(--md-sys-layout-grid-min) → var(--panel-max-height) */ "
"src/modules.css","1697","nonMD3Var","var(--panel-max-height)","        max-height: var(--panel-max-height); "
"src/modules.css","2154","nonMD3Var","var(--gantt-bar-left)","    left: var(--gantt-bar-left); "
"src/modules.css","2155","nonMD3Var","var(--gantt-bar-width)","    width: var(--gantt-bar-width); "
"src/modules.css","2159","nonMD3Var","var(--gantt-bar-bg)","    background-color: var(--gantt-bar-bg); "
"src/modules.css","2160","nonMD3Var","var(--gantt-bar-border)","    border-color: var(--gantt-bar-border); "
"src/modules.css","2161","nonMD3Var","var(--gantt-bar-text)","    color: var(--gantt-bar-text); "
"src/modules.css","2189","nonMD3Var","var(--gantt-bar-transform)","    transform: var(--gantt-bar-transform); "
"src/modules.css","2209","nonMD3Var","var(--shape-4xl)","    border-radius: var(--shape-4xl); "
"src/modules.css","2211","nonMD3Var","var(--elevation-3)","    /* M3 token replacement: var(--elevation-3) → var(--md-sys-elevation-level3) */ "
"src/modules.css","2696","nonMD3Var","var(--link-max-width)","    /* M3 token replacement: var(--md-sys-layout-grid-min) → var(--link-max-width) */ "
"src/modules.css","2697","nonMD3Var","var(--link-max-width)","    max-width: var(--link-max-width); "
"src/nka/nka.css","37","hardcodedRgbColor","rgba(0, 0, 0","  background: rgba(0, 0, 0, 0.32); "
"src/nka/nka.css","82","hardcodedTypography","font-weight: 600","  font-weight: 600; "
"src/nka/nka.css","98","hardcodedTypography","font-weight: 500","  font-weight: 500; "
"src/nka/NKABottomSheet.tsx","69","hardcodedRgbColor","rgba(0,0,0","          background: 'rgba(0,0,0,0.32)', "
"src/nka/NKABottomSheet.tsx","95","inlineStyleHardcoded","style={{ width: '100%","        <div style={{ width: '100%', marginBottom: 'var(--md-sys-spacing-4)' }}> "
"src/stories/DesignSystem/Colors.stories.tsx","19","hardcodedHexColor","#FFFFFF","      <ColorSwatch name=""On Primary"" token=""--md-sys-color-on-primary"" hex=""#FFFFFF"" border /> "
"src/stories/DesignSystem/Colors.stories.tsx","26","hardcodedHexColor","#FFFFFF","      <ColorSwatch name=""On Secondary"" token=""--md-sys-color-on-secondary"" hex=""#FFFFFF"" border /> "
"src/stories/DesignSystem/Colors.stories.tsx","33","hardcodedHexColor","#FFFFFF","      <ColorSwatch name=""On Tertiary"" token=""--md-sys-color-on-tertiary"" hex=""#FFFFFF"" border /> "
"src/stories/DesignSystem/Colors.stories.tsx","38","hardcodedHexColor","#B3261E","      <ColorSwatch name=""Error"" token=""--md-sys-color-error"" hex=""#B3261E"" /> "
"src/stories/DesignSystem/Colors.stories.tsx","39","hardcodedHexColor","#E65100","      <ColorSwatch name=""Warning"" token=""--md-sys-color-warning"" hex=""#E65100"" /> "
"src/stories/DesignSystem/Colors.stories.tsx","40","hardcodedHexColor","#FFFFFF","      <ColorSwatch name=""On Error"" token=""--md-sys-color-on-error"" hex=""#FFFFFF"" border /> "
"src/stories/DesignSystem/Colors.stories.tsx","45","hardcodedHexColor","#FDFBFF","      <ColorSwatch name=""Background"" token=""--md-sys-color-background"" hex=""#FDFBFF"" border /> "
"src/stories/DesignSystem/Colors.stories.tsx","46","hardcodedHexColor","#FDFBFF","      <ColorSwatch name=""Surface"" token=""--md-sys-color-surface"" hex=""#FDFBFF"" border /> "
"src/stories/DesignSystem/Colors.stories.tsx","47","hardcodedHexColor","#1C1B1F","      <ColorSwatch name=""On Background"" token=""--md-sys-color-on-background"" hex=""#1C1B1F"" /> "
"src/stories/DesignSystem/Colors.stories.tsx","55","hardcodedHexColor","#FFFFFF","      <ColorSwatch name=""Lowest"" token=""--md-sys-color-surfaceContainerLowest"" hex=""#FFFFFF"" border "
"src/stories/DesignSystem/Colors.stories.tsx","56","hardcodedHexColor","#F7F2FA","      <ColorSwatch name=""Low"" token=""--md-sys-color-surfaceContainerLow"" hex=""#F7F2FA"" border small "
"src/stories/DesignSystem/Colors.stories.tsx","57","hardcodedHexColor","#F3EDF7","      <ColorSwatch name=""Default"" token=""--md-sys-color-surfaceContainer"" hex=""#F3EDF7"" border small"
"src/stories/DesignSystem/Colors.stories.tsx","58","hardcodedHexColor","#ECE6F0","      <ColorSwatch name=""High"" token=""--md-sys-color-surfaceContainerHigh"" hex=""#ECE6F0"" border smal"
"src/stories/DesignSystem/Colors.stories.tsx","59","hardcodedHexColor","#E6E0E9","      <ColorSwatch name=""Highest"" token=""--md-sys-color-surfaceContainerHighest"" hex=""#E6E0E9"" borde"
"src/stories/DesignSystem/Colors.stories.tsx","64","hardcodedHexColor","#79747E","      <ColorSwatch name=""Outline"" token=""--md-sys-color-outline"" hex=""#79747E"" /> "
"src/stories/DesignSystem/Colors.stories.tsx","65","hardcodedHexColor","#C4C7C5","      <ColorSwatch name=""Outline Variant"" token=""--md-sys-color-outline-variant"" hex=""#C4C7C5"" borde"
"src/stories/DesignSystem/Typography.stories.tsx","6","nonMD3Var","var(--font-family)","  <div style={{ padding: 'var(--md-sys-spacing-6)', fontFamily: 'var(--font-family)' }}> "
"src/styles/m3-interactive.css","39","hardcodedRgbColor","rgba(0, 0, 0","  /* M3 token replacement: rgba(0, 0, 0, 0.1) → var(--md-sys-color-shadow) */ "
"src/styles/md3-z-index.css","85","nonMD3Var","var(--app-chart-height-large)","  --md-sys-chart-height-large: var(--app-chart-height-large); "
"src/styles/md3-z-index.css","86","nonMD3Var","var(--app-chart-height-medium)","  --md-sys-chart-height-medium: var(--app-chart-height-medium); "
"src/theme.css","13","hardcodedHexColor","#6750A4","  --md-sys-color-primary: #6750A4; "
"src/theme.css","15","hardcodedHexColor","#FFFFFF","  --md-sys-color-on-primary: #FFFFFF; "
"src/theme.css","17","hardcodedHexColor","#EADDFF","  --md-sys-color-primary-container: #EADDFF; "
"src/theme.css","19","hardcodedHexColor","#21005D","  --md-sys-color-on-primary-container: #21005D; "
"src/theme.css","22","hardcodedHexColor","#625B71","  --md-sys-color-secondary: #625B71; "
"src/theme.css","25","hardcodedHexColor","#FFFFFF","  --md-sys-color-on-secondary: #FFFFFF; "
"src/theme.css","28","hardcodedHexColor","#E8DEF8","  --md-sys-color-secondary-container: #E8DEF8; "
"src/theme.css","31","hardcodedHexColor","#1D192B","  --md-sys-color-on-secondary-container: #1D192B; "
"src/theme.css","36","hardcodedHexColor","#7D5260","  --md-sys-color-tertiary: #7D5260; "
"src/theme.css","40","hardcodedHexColor","#FFFFFF","  --md-sys-color-on-tertiary: #FFFFFF; "
"src/theme.css","44","hardcodedHexColor","#FFD8E4","  --md-sys-color-tertiary-container: #FFD8E4; "
"src/theme.css","48","hardcodedHexColor","#31111D","  --md-sys-color-on-tertiary-container: #31111D; "
"src/theme.css","58","hardcodedHexColor","#FDFBFF","  --md-sys-color-background: #FDFBFF; "
"src/theme.css","62","hardcodedHexColor","#1C1B1F","  --md-sys-color-on-background: #1C1B1F; "
"src/theme.css","65","hardcodedHexColor","#FDFBFF","  --md-sys-color-surface: #FDFBFF; "
"src/theme.css","67","hardcodedHexColor","#1C1B1F","  --md-sys-color-on-surface: #1C1B1F; "
"src/theme.css","71","hardcodedHexColor","#FFFFFF","  --md-sys-color-surface-container-lowest: #FFFFFF; "
"src/theme.css","73","hardcodedHexColor","#F7F2FA","  --md-sys-color-surface-container-low: #F7F2FA; "
"src/theme.css","75","hardcodedHexColor","#F3EDF7","  --md-sys-color-surface-container: #F3EDF7; "
"src/theme.css","77","hardcodedHexColor","#ECE6F0","  --md-sys-color-surface-container-high: #ECE6F0; "
"src/theme.css","79","hardcodedHexColor","#E6E0E9","  --md-sys-color-surface-container-highest: #E6E0E9; "
"src/theme.css","83","hardcodedHexColor","#79747E","  --md-sys-color-outline: #79747E; "
"src/theme.css","86","hardcodedHexColor","#C4C7C5","  --md-sys-color-outline-variant: #C4C7C5; "
"src/theme.css","89","hardcodedHexColor","#B3261E","  --md-sys-color-error: #B3261E; "
"src/theme.css","93","hardcodedHexColor","#FFFFFF","  --md-sys-color-on-error: #FFFFFF; "
"src/theme.css","97","hardcodedHexColor","#E65100","  --md-sys-color-warning: #E65100; "
"src/theme.css","101","hardcodedHexColor","#FFFFFF","  --md-sys-color-on-warning: #FFFFFF; "
"src/theme.css","116","hardcodedHexColor","#8B5A3C","  --md-sys-color-primary-warm: #8B5A3C;        /* Warm brown - supportive */ "
"src/theme.css","118","hardcodedHexColor","#FFFFFF","  --md-sys-color-on-primary-warm: #FFFFFF; "
"src/theme.css","119","hardcodedHexColor","#F5E6D3","  --md-sys-color-primary-container-warm: #F5E6D3;  /* Warm cream */ "
"src/theme.css","121","hardcodedHexColor","#2A1810","  --md-sys-color-on-primary-container-warm: #2A1810; "
"src/theme.css","124","hardcodedHexColor","#7D6B5D","  --md-sys-color-secondary-warm: #7D6B5D;     /* Warm taupe */ "
"src/theme.css","126","hardcodedHexColor","#F4EDE7","  --md-sys-color-secondary-container-warm: #F4EDE7;  /* Warm beige */ "
"src/theme.css","130","hardcodedHexColor","#A67C52","  --md-sys-color-accent-warm: #A67C52;        /* Warm gold */ "
"src/theme.css","132","hardcodedHexColor","#FDF7F0","  --md-sys-color-accent-container-warm: #FDF7F0;    /* Warm ivory */ "
"src/theme.css","136","hardcodedHexColor","#FEFCF8","  --md-sys-color-surface-warm: #FEFCF8;       /* Warm white */ "
"src/theme.css","138","hardcodedHexColor","#F8F5F0","  --md-sys-color-surface-container-warm: #F8F5F0;   /* Warm gray */ "
"src/theme.css","442","hardcodedHexColor","#007AFF","  --md-sys-color-primary: #007AFF; "
"src/theme.css","454","hardcodedHexColor","#0078D4","  --md-sys-color-primary: #0078D4; "
"src/theme.css","467","hardcodedHexColor","#1a73e8","  --md-sys-color-primary: #1a73e8; /* Google Blue */ "
"src/theme.css","469","hardcodedHexColor","#f1f3f4","  --md-sys-color-surface-container-high: #f1f3f4; "
"src/theme.css","470","hardcodedHexColor","#e8eaed","  --md-sys-color-surface-container-highest: #e8eaed; "
"src/theme.css","482","hardcodedHexColor","#000000","  --md-sys-color-outline: #000000; "
"src/theme.css","483","hardcodedHexColor","#000000","  --md-sys-color-outline-variant: #000000; "
"src/theme.css","484","hardcodedHexColor","#FFFFFF","  --md-sys-color-surface-container: #FFFFFF; "
"src/theme.css","485","hardcodedHexColor","#000000","  --md-sys-color-on-surface: #000000; "
"src/theme.css","489","hardcodedHexColor","#FFFFFF","  --md-sys-color-outline: #FFFFFF; "
"src/theme.css","490","hardcodedHexColor","#FFFFFF","  --md-sys-color-outline-variant: #FFFFFF; "
"src/theme.css","491","hardcodedHexColor","#000000","  --md-sys-color-surface-container: #000000; "
"src/theme.css","492","hardcodedHexColor","#FFFFFF","  --md-sys-color-on-surface: #FFFFFF; "
"src/theme.css","660","hardcodedHexColor","#FDFBFF","  --aura-gradient: var(--md-sys-motion-easing-var(--md-sys-motion-easing-var(--md-sys-motion-easing-"
"src/theme.css","660","hardcodedHexColor","#F3EDF7","  --aura-gradient: var(--md-sys-motion-easing-var(--md-sys-motion-easing-var(--md-sys-motion-easing-"
"src/theme.css","740","hardcodedHexColor","#FFFFFF","  --md-sys-color-on-secondary: #FFFFFF; "
"src/theme.css","742","hardcodedHexColor","#1D192B","  --md-sys-color-on-secondary-container: #1D192B; "
"src/theme.css","743","hardcodedHexColor","#7D5260","  --md-sys-color-tertiary: #7D5260; "
"src/theme.css","744","hardcodedHexColor","#FFFFFF","  --md-sys-color-on-tertiary: #FFFFFF; "
"src/theme.css","745","hardcodedHexColor","#FFD8E4","  --md-sys-color-tertiary-container: #FFD8E4; "
"src/theme.css","746","hardcodedHexColor","#31111D","  --md-sys-color-on-tertiary-container: #31111D; "
"src/theme.css","747","hardcodedHexColor","#FDFBFF","  --md-sys-color-background: #FDFBFF; "
"src/theme.css","748","hardcodedHexColor","#1C1B1F","  --md-sys-color-on-background: #1C1B1F; "
"src/theme.css","753","hardcodedHexColor","#79747E","  --md-sys-color-outline: #79747E; "
"src/theme.css","760","hardcodedHexColor","#B3261E","  --md-sys-color-error: #B3261E; "
"src/theme.css","761","hardcodedHexColor","#FFFFFF","  --md-sys-color-on-error: #FFFFFF; "
"src/theme.css","791","hardcodedHexColor","#D0BCFF","  --md-sys-color-primary: #D0BCFF; "
"src/theme.css","792","hardcodedHexColor","#381E72","  --md-sys-color-on-primary: #381E72; "
"src/theme.css","793","hardcodedHexColor","#4F378B","  --md-sys-color-primary-container: #4F378B; "
"src/theme.css","794","hardcodedHexColor","#EADDFF","  --md-sys-color-on-primary-container: #EADDFF; "
"src/theme.css","795","hardcodedHexColor","#141218","  --md-sys-color-background: #141218; "
"src/theme.css","796","hardcodedHexColor","#1C1B1F","  --md-sys-color-surface: #1C1B1F; "
"src/theme.css","797","hardcodedHexColor","#E6E1E5","  --md-sys-color-on-surface: #E6E1E5; "
"src/theme.css","798","hardcodedHexColor","#25232A","  --md-sys-color-surface-container: #25232A; "
"src/theme.css","799","hardcodedHexColor","#36343B","  --md-sys-color-surface-container-highest: #36343B; "
"src/theme.css","800","hardcodedHexColor","#141218","  --aura-gradient: var(--md-sys-motion-easing-var(--md-sys-motion-easing-var(--md-sys-motion-easing-"
"src/theme.css","800","hardcodedHexColor","#25232A","  --aura-gradient: var(--md-sys-motion-easing-var(--md-sys-motion-easing-var(--md-sys-motion-easing-"
"src/theme.css","217","hardcodedRgbColor","rgba(0, 0, 0","  --md-sys-elevation-0: var(--md-sys-spacing-0) var(--md-sys-spacing-0) var(--md-sys-spacing-0) var("
"src/theme.css","218","hardcodedRgbColor","rgba(0, 0, 0","  --md-sys-elevation-1: var(--md-sys-spacing-0) var(--md-sys-spacing-0) var(--md-sys-spacing-1) var("
"src/theme.css","218","hardcodedRgbColor","rgba(0, 0, 0","  --md-sys-elevation-1: var(--md-sys-spacing-0) var(--md-sys-spacing-0) var(--md-sys-spacing-1) var("
"src/theme.css","219","hardcodedRgbColor","rgba(0, 0, 0","  --md-sys-elevation-2: var(--md-sys-spacing-0) var(--md-sys-spacing-1) var(--md-sys-blur-medium) va"
"src/theme.css","219","hardcodedRgbColor","rgba(0, 0, 0","  --md-sys-elevation-2: var(--md-sys-spacing-0) var(--md-sys-spacing-1) var(--md-sys-blur-medium) va"
"src/theme.css","220","hardcodedRgbColor","rgba(0, 0, 0","  --md-sys-elevation-3: var(--md-sys-spacing-0) var(--md-sys-spacing-1) var(--md-sys-spacing-2) var("
"src/theme.css","220","hardcodedRgbColor","rgba(0, 0, 0","  --md-sys-elevation-3: var(--md-sys-spacing-0) var(--md-sys-spacing-1) var(--md-sys-spacing-2) var("
"src/theme.css","221","hardcodedRgbColor","rgba(0, 0, 0","  --md-sys-elevation-4: var(--md-sys-spacing-0) var(--md-sys-blur-medium) var(--md-sys-spacing-3) va"
"src/theme.css","221","hardcodedRgbColor","rgba(0, 0, 0","  --md-sys-elevation-4: var(--md-sys-spacing-0) var(--md-sys-blur-medium) var(--md-sys-spacing-3) va"
"src/theme.css","222","hardcodedRgbColor","rgba(0, 0, 0","  --md-sys-elevation-5: var(--md-sys-spacing-0) var(--md-sys-spacing-2) var(--md-sys-spacing-3) var("
"src/theme.css","222","hardcodedRgbColor","rgba(0, 0, 0","  --md-sys-elevation-5: var(--md-sys-spacing-0) var(--md-sys-spacing-2) var(--md-sys-spacing-3) var("
"src/theme.css","446","hardcodedRgbColor","rgba(255, 255, 255","  --glass-border: var(--md-sys-spacing-0) solid rgba(255, 255, 255, 0.2); "
"src/theme.css","648","hardcodedRgbColor","rgba(103, 80, 164","  --elevation-1: var(--md-sys-spacing-0) var(--md-sys-spacing-1) var(--md-sys-spacing-3) rgba(103, 8"
"src/theme.css","649","hardcodedRgbColor","rgba(103, 80, 164","  --elevation-2: var(--md-sys-spacing-0) var(--md-sys-spacing-2) var(--md-sys-spacing-6) rgba(103, 8"
"src/theme.css","654","hardcodedRgbColor","rgba(0, 0, 0","  --md-sys-elevation-level1: var(--md-sys-spacing-0) var(--md-sys-spacing-0) var(--md-sys-spacing-1)"
"src/theme.css","654","hardcodedRgbColor","rgba(0, 0, 0","  --md-sys-elevation-level1: var(--md-sys-spacing-0) var(--md-sys-spacing-0) var(--md-sys-spacing-1)"
"src/theme.css","655","hardcodedRgbColor","rgba(0, 0, 0","  --md-sys-elevation-level2: var(--md-sys-spacing-0) var(--md-sys-spacing-0) var(--md-sys-spacing-1)"
"src/theme.css","655","hardcodedRgbColor","rgba(0, 0, 0","  --md-sys-elevation-level2: var(--md-sys-spacing-0) var(--md-sys-spacing-0) var(--md-sys-spacing-1)"
"src/theme.css","656","hardcodedRgbColor","rgba(0, 0, 0","  --md-sys-elevation-level3: var(--md-sys-spacing-0) var(--md-sys-spacing-0) var(--md-sys-spacing-1)"
"src/theme.css","656","hardcodedRgbColor","rgba(0, 0, 0","  --md-sys-elevation-level3: var(--md-sys-spacing-0) var(--md-sys-spacing-0) var(--md-sys-spacing-1)"
"src/theme.css","657","hardcodedRgbColor","rgba(0, 0, 0","  --md-sys-elevation-level4: var(--md-sys-spacing-0) var(--md-sys-spacing-1) var(--md-sys-spacing-1)"
"src/theme.css","657","hardcodedRgbColor","rgba(0, 0, 0","  --md-sys-elevation-level4: var(--md-sys-spacing-0) var(--md-sys-spacing-1) var(--md-sys-spacing-1)"
"src/theme.css","658","hardcodedRgbColor","rgba(0, 0, 0","  --md-sys-elevation-level5: var(--md-sys-spacing-0) var(--md-sys-spacing-1) var(--md-sys-spacing-1)"
"src/theme.css","658","hardcodedRgbColor","rgba(0, 0, 0","  --md-sys-elevation-level5: var(--md-sys-spacing-0) var(--md-sys-spacing-1) var(--md-sys-spacing-1)"
"src/theme.css","801","hardcodedRgbColor","rgba(20, 18, 24","  --glass-bg: rgba(20, 18, 24, 0.8); "
"src/theme.css","802","hardcodedRgbColor","rgba(255, 255, 255","  --glass-border: var(--md-sys-spacing-0) solid rgba(255, 255, 255, 0.1); "
"src/theme.css","1381","hardcodedRgbColor","rgba(0, 0, 0","  background: rgba(0, 0, 0, 0.4); "
"src/theme.css","315","hardcodedSpacing","width: 300px","  --md-sys-layout-card-width: 300px; "
"src/theme.css","316","hardcodedSpacing","min-height: 200px","  --md-sys-layout-card-min-height: 200px; "
"src/theme.css","319","hardcodedSpacing","min-width: 64px","  --md-sys-layout-button-min-width: 64px; "
"src/theme.css","320","hardcodedSpacing","min-width: 120px","  --md-sys-layout-popup-min-width: 120px; "
"src/theme.css","321","hardcodedSpacing","max-width: 800px","  --md-sys-layout-panel-max-width: 800px; "
"src/theme.css","322","hardcodedSpacing","height: 192px","  --md-sys-layout-dropzone-height: 192px; "
"src/theme.css","359","hardcodedSpacing","top: 1024px","  --md-sys-breakpoint-desktop: 1024px; "
"src/theme.css","813","hardcodedSpacing","width: 100%","  width: 100%; "
"src/theme.css","1450","hardcodedSpacing","width: 100%","  width: 100%; "
"src/theme.css","1747","hardcodedSpacing","top: 50%","  top: 50%; "
"src/theme.css","1748","hardcodedSpacing","left: 50%","  left: 50%; "
"src/theme.css","1759","hardcodedSpacing","width: 300px","  width: 300px; "
"src/theme.css","1760","hardcodedSpacing","height: 300px","  height: 300px; "
"src/theme.css","243","hardcodedTypography","font-weight: 400","  --md-sys-typescale-display-large-font-weight: 400; "
"src/theme.css","247","hardcodedTypography","font-weight: 400","  --md-sys-typescale-display-medium-font-weight: 400; "
"src/theme.css","251","hardcodedTypography","font-weight: 400","  --md-sys-typescale-display-small-font-weight: 400; "
"src/theme.css","257","hardcodedTypography","font-weight: 400","  --md-sys-typescale-headline-large-font-weight: 400; "
"src/theme.css","261","hardcodedTypography","font-weight: 400","  --md-sys-typescale-headline-medium-font-weight: 400; "
"src/theme.css","265","hardcodedTypography","font-weight: 400","  --md-sys-typescale-headline-small-font-weight: 400; "
"src/theme.css","271","hardcodedTypography","font-weight: 400","  --md-sys-typescale-title-large-font-weight: 400; "
"src/theme.css","275","hardcodedTypography","font-weight: 500","  --md-sys-typescale-title-medium-font-weight: 500; "
"src/theme.css","279","hardcodedTypography","font-weight: 500","  --md-sys-typescale-title-small-font-weight: 500; "
"src/theme.css","285","hardcodedTypography","font-weight: 400","  --md-sys-typescale-body-large-font-weight: 400; "
"src/theme.css","289","hardcodedTypography","font-weight: 400","  --md-sys-typescale-body-medium-font-weight: 400; "
"src/theme.css","293","hardcodedTypography","font-weight: 400","  --md-sys-typescale-body-small-font-weight: 400; "
"src/theme.css","299","hardcodedTypography","font-weight: 500","  --md-sys-typescale-label-large-font-weight: 500; "
"src/theme.css","303","hardcodedTypography","font-weight: 500","  --md-sys-typescale-label-medium-font-weight: 500; "
"src/theme.css","307","hardcodedTypography","font-weight: 500","  --md-sys-typescale-label-small-font-weight: 500; "
"src/theme.css","1166","hardcodedTypography","font-weight: 500","  font-weight: 500; "
"src/theme.css","1199","hardcodedTypography","font-weight: 500","  font-weight: 500; "
"src/theme.css","1230","hardcodedTypography","font-weight: 500","  font-weight: 500; "
"src/theme.css","1263","hardcodedTypography","font-weight: 500","  font-weight: 500; "
"src/theme.css","1295","hardcodedTypography","font-weight: 500","  font-weight: 500; "
"src/theme.css","1409","hardcodedTypography","font-weight: 500","  font-weight: 500; "
"src/theme.css","1535","hardcodedTypography","font-weight: 500","  font-weight: 500; "
"src/theme.css","108","nonMD3Var","var(--glass-blur-px)","  --glass-blur: blur(var(--glass-blur-px)); "
"src/theme.css","400","nonMD3Var","var(--app-color-brand-primary)","    --md-sys-color-primary: var(--app-color-brand-primary); "
"src/theme.css","401","nonMD3Var","var(--app-color-brand-on-primary)","    --md-sys-color-on-primary: var(--app-color-brand-on-primary); "
"src/theme.css","404","nonMD3Var","var(--app-color-accent-1)","    --md-sys-color-secondary: var(--app-color-accent-1); "
"src/theme.css","407","nonMD3Var","var(--app-color-accent-2)","    --app-color-tertiary: var(--app-color-accent-2); "
"src/theme.css","418","nonMD3Var","var(--glass-blur-px)","  --glass-blur: blur(var(--glass-blur-px)); "
"src/theme.css","769","nonMD3Var","var(--shape-s)","  --md-sys-shape-corner-small: var(--shape-s); "
"src/theme.css","770","nonMD3Var","var(--shape-m)","  --md-sys-shape-corner-medium: var(--shape-m); "
"src/theme.css","771","nonMD3Var","var(--shape-l)","  --md-sys-shape-corner-large: var(--shape-l); "
"src/theme.css","772","nonMD3Var","var(--shape-full)","  --md-sys-shape-corner-full: var(--shape-full); "
"src/theme.css","808","nonMD3Var","var(--font-family)","  font-family: var(--font-family); "
"src/theme.css","809","nonMD3Var","var(--aura-gradient)","  background: var(--aura-gradient); "
"src/theme.css","947","nonMD3Var","var(--glass-bg)","  background: var(--glass-bg); "
"src/theme.css","948","nonMD3Var","var(--glass-blur)","  backdrop-filter: var(--glass-blur); "
"src/theme.css","949","nonMD3Var","var(--glass-blur)","  -webkit-backdrop-filter: var(--glass-blur); "
"src/theme.css","950","nonMD3Var","var(--glass-border)","  border: var(--glass-border); "
"src/theme.css","1765","nonMD3Var","var(--glass-bg)","  background: var(--glass-bg); "
"src/theme.css","1766","nonMD3Var","var(--glass-blur)","  backdrop-filter: var(--glass-blur); "
"src/theme.css","1767","nonMD3Var","var(--glass-blur)","  -webkit-backdrop-filter: var(--glass-blur); "
"src/theme.css","1768","nonMD3Var","var(--glass-border)","  border: var(--glass-border); "
"src/theme.css","1751","hardcodedBorderRadius","border-radius: 50%","  border-radius: 50%; "